year,age_cohort,scenario,population
2022,0-4,M1,295834
2022,0-4,M2,295834
2022,0-4,M3,295834
2022,10-14,M1,374879
2022,10-14,M2,374879
2022,10-14,M3,374879
2022,15-19,M1,337776
2022,15-19,M2,337776
2022,15-19,M3,337776
2022,20-24,M1,311941
2022,20-24,M2,311941
2022,20-24,M3,311941
2022,25-29,M1,299134
2022,25-29,M2,299134
2022,25-29,M3,299134
2022,30-34,M1,334526
2022,30-34,M2,334526
2022,30-34,M3,334526
2022,35-39,M1,385810
2022,35-39,M2,385810
2022,35-39,M3,385810
2022,40-44,M1,414726
2022,40-44,M2,414726
2022,40-44,M3,414726
2022,45-49,M1,376005
2022,45-49,M2,376005
2022,45-49,M3,376005
2022,5-9,M1,343579
2022,5-9,M2,343579
2022,5-9,M3,343579
2022,50-54,M1,342879
2022,50-54,M2,342879
2022,50-54,M3,342879
2022,55-59,M1,309744
2022,55-59,M2,309744
2022,55-59,M3,309744
2022,60-64,M1,275834
2022,60-64,M2,275834
2022,60-64,M3,275834
2022,65-69,M1,240482
2022,65-69,M2,240482
2022,65-69,M3,240482
2022,70-74,M1,204684
2022,70-74,M2,204684
2022,70-74,M3,204684
2022,75-79,M1,155017
2022,75-79,M2,155017
2022,75-79,M3,155017
2022,80-84,M1,96758
2022,80-84,M2,96758
2022,80-84,M3,96758
2022,85+,M1,84358
2022,85+,M2,84358
2022,85+,M3,84358
2023,0-4,M1,295038
2023,0-4,M2,295038
2023,0-4,M3,295038
2023,10-14,M1,376975
2023,10-14,M2,376975
2023,10-14,M3,376975
2023,15-19,M1,352237
2023,15-19,M2,352237
2023,15-19,M3,352237
2023,20-24,M1,321434
2023,20-24,M2,321434
2023,20-24,M3,321434
2023,25-29,M1,309165
2023,25-29,M2,309165
2023,25-29,M3,309165
2023,30-34,M1,335841
2023,30-34,M2,335841
2023,30-34,M3,335841
2023,35-39,M1,382887
2023,35-39,M2,382887
2023,35-39,M3,382887
2023,40-44,M1,428308
2023,40-44,M2,428308
2023,40-44,M3,428308
2023,45-49,M1,381045
2023,45-49,M2,381045
2023,45-49,M3,381045
2023,5-9,M1,336284
2023,5-9,M2,336284
2023,5-9,M3,336284
2023,50-54,M1,353989
2023,50-54,M2,353989
2023,50-54,M3,353989
2023,55-59,M1,316154
2023,55-59,M2,316154
2023,55-59,M3,316154
2023,60-64,M1,284918
2023,60-64,M2,284918
2023,60-64,M3,284918
2023,65-69,M1,244219
2023,65-69,M2,244219
2023,65-69,M3,244219
2023,70-74,M1,210465
2023,70-74,M2,210465
2023,70-74,M3,210465
2023,75-79,M1,162250
2023,75-79,M2,162250
2023,75-79,M3,162250
2023,80-84,M1,102139
2023,80-84,M2,102139
2023,80-84,M3,102139
2023,85+,M1,88081
2023,85+,M2,88081
2023,85+,M3,88081
2024,0-4,M1,292474
2024,0-4,M2,291884
2024,0-4,M3,291737
2024,10-14,M1,375750
2024,10-14,M2,375161
2024,10-14,M3,374990
2024,15-19,M1,365634
2024,15-19,M2,363999
2024,15-19,M3,363271
2024,20-24,M1,330594
2024,20-24,M2,328969
2024,20-24,M3,328155
2024,25-29,M1,321042
2024,25-29,M2,319139
2024,25-29,M3,318628
2024,30-34,M1,337564
2024,30-34,M2,335645
2024,30-34,M3,335036
2024,35-39,M1,379226
2024,35-39,M2,377316
2024,35-39,M3,376664
2024,40-44,M1,434975
2024,40-44,M2,433078
2024,40-44,M3,432480
2024,45-49,M1,390969
2024,45-49,M2,390524
2024,45-49,M3,390361
2024,5-9,M1,329197
2024,5-9,M2,328587
2024,5-9,M3,328413
2024,50-54,M1,364259
2024,50-54,M2,363842
2024,50-54,M3,363730
2024,55-59,M1,321802
2024,55-59,M2,321380
2024,55-59,M3,321290
2024,60-64,M1,294203
2024,60-64,M2,293783
2024,60-64,M3,293708
2024,65-69,M1,249780
2024,65-69,M2,249612
2024,65-69,M3,249547
2024,70-74,M1,214370
2024,70-74,M2,214215
2024,70-74,M3,214178
2024,75-79,M1,169287
2024,75-79,M2,169199
2024,75-79,M3,169173
2024,80-84,M1,107084
2024,80-84,M2,107007
2024,80-84,M3,106991
2024,85+,M1,92178
2024,85+,M2,92048
2024,85+,M3,92032
2025,0-4,M1,290195
2025,0-4,M2,288849
2025,0-4,M3,288108
2025,10-14,M1,371493
2025,10-14,M2,370292
2025,10-14,M3,369550
2025,15-19,M1,378023
2025,15-19,M2,374983
2025,15-19,M3,372555
2025,20-24,M1,339349
2025,20-24,M2,336106
2025,20-24,M3,333410
2025,25-29,M1,332178
2025,25-29,M2,328422
2025,25-29,M3,326075
2025,30-34,M1,338596
2025,30-34,M2,334764
2025,30-34,M3,332278
2025,35-39,M1,378344
2025,35-39,M2,374525
2025,35-39,M3,371951
2025,40-44,M1,433558
2025,40-44,M2,429768
2025,40-44,M3,427296
2025,45-49,M1,405945
2025,45-49,M2,404763
2025,45-49,M3,404050
2025,5-9,M1,322305
2025,5-9,M2,321087
2025,5-9,M3,320342
2025,50-54,M1,371266
2025,50-54,M2,370428
2025,50-54,M3,369922
2025,55-59,M1,329081
2025,55-59,M2,328242
2025,55-59,M3,327778
2025,60-64,M1,302702
2025,60-64,M2,301865
2025,60-64,M3,301432
2025,65-69,M1,256126
2025,65-69,M2,255735
2025,65-69,M3,255490
2025,70-74,M1,219169
2025,70-74,M2,218863
2025,70-74,M3,218682
2025,75-79,M1,175943
2025,75-79,M2,175755
2025,75-79,M3,175644
2025,80-84,M1,112884
2025,80-84,M2,112734
2025,80-84,M3,112651
2025,85+,M1,96359
2025,85+,M2,96108
2025,85+,M3,95992
2026,0-4,M1,289035
2026,0-4,M2,286970
2026,0-4,M3,285667
2026,10-14,M1,365458
2026,10-14,M2,363844
2026,10-14,M3,362715
2026,15-19,M1,387172
2026,15-19,M2,383477
2026,15-19,M3,380164
2026,20-24,M1,347929
2026,20-24,M2,343604
2026,20-24,M3,339587
2026,25-29,M1,339540
2026,25-29,M2,334622
2026,25-29,M3,331047
2026,30-34,M1,338377
2026,30-34,M2,333278
2026,30-34,M3,329582
2026,35-39,M1,375758
2026,35-39,M2,370660
2026,35-39,M3,366803
2026,40-44,M1,429243
2026,40-44,M2,424184
2026,40-44,M3,420455
2026,45-49,M1,420920
2026,45-49,M2,418859
2026,45-49,M3,417461
2026,5-9,M1,314535
2026,5-9,M2,312917
2026,5-9,M3,311811
2026,50-54,M1,377598
2026,50-54,M2,376477
2026,50-54,M3,375707
2026,55-59,M1,337903
2026,55-59,M2,336794
2026,55-59,M3,336095
2026,60-64,M1,308569
2026,60-64,M2,307453
2026,60-64,M3,306801
2026,65-69,M1,263954
2026,65-69,M2,263354
2026,65-69,M3,262944
2026,70-74,M1,223849
2026,70-74,M2,223441
2026,70-74,M3,223163
2026,75-79,M1,180336
2026,75-79,M2,180069
2026,75-79,M3,179893
2026,80-84,M1,120414
2026,80-84,M2,120218
2026,80-84,M3,120095
2026,85+,M1,100170
2026,85+,M2,99855
2026,85+,M3,99684
2027,0-4,M1,285522
2027,0-4,M2,282639
2027,0-4,M3,280671
2027,10-14,M1,357505
2027,10-14,M2,355480
2027,10-14,M3,353976
2027,15-19,M1,392273
2027,15-19,M2,388054
2027,15-19,M3,384025
2027,20-24,M1,356351
2027,20-24,M2,350938
2027,20-24,M3,345616
2027,25-29,M1,345992
2027,25-29,M2,339952
2027,25-29,M3,335112
2027,30-34,M1,340850
2027,30-34,M2,334488
2027,30-34,M3,329598
2027,35-39,M1,372577
2027,35-39,M2,366202
2027,35-39,M3,361080
2027,40-44,M1,423344
2027,40-44,M2,417021
2027,40-44,M3,412011
2027,45-49,M1,434895
2027,45-49,M2,431756
2027,45-49,M3,429497
2027,5-9,M1,310327
2027,5-9,M2,308313
2027,5-9,M3,306853
2027,50-54,M1,381852
2027,50-54,M2,380444
2027,50-54,M3,379397
2027,55-59,M1,348365
2027,55-59,M2,346982
2027,55-59,M3,346049
2027,60-64,M1,313971
2027,60-64,M2,312577
2027,60-64,M3,311706
2027,65-69,M1,271899
2027,65-69,M2,271059
2027,65-69,M3,270470
2027,70-74,M1,228680
2027,70-74,M2,228171
2027,70-74,M3,227787
2027,75-79,M1,185038
2027,75-79,M2,184679
2027,75-79,M3,184436
2027,80-84,M1,127693
2027,80-84,M2,127456
2027,80-84,M3,127298
2027,85+,M1,104703
2027,85+,M2,104320
2027,85+,M3,104097
2028,0-4,M1,281284
2028,0-4,M2,277495
2028,0-4,M3,274766
2028,10-14,M1,348995
2028,10-14,M2,346564
2028,10-14,M3,344683
2028,15-19,M1,392270
2028,15-19,M2,387667
2028,15-19,M3,383102
2028,20-24,M1,367617
2028,20-24,M2,361106
2028,20-24,M3,354491
2028,25-29,M1,351645
2028,25-29,M2,344524
2028,25-29,M3,338377
2028,30-34,M1,347117
2028,30-34,M2,339485
2028,30-34,M3,333428
2028,35-39,M1,370111
2028,35-39,M2,362460
2028,35-39,M3,356086
2028,40-44,M1,416619
2028,40-44,M2,409032
2028,40-44,M3,402736
2028,45-49,M1,446231
2028,45-49,M2,441826
2028,45-49,M3,438520
2028,5-9,M1,308346
2028,5-9,M2,305936
2028,5-9,M3,304122
2028,50-54,M1,386047
2028,50-54,M2,384353
2028,50-54,M3,383017
2028,55-59,M1,358572
2028,55-59,M2,356911
2028,55-59,M3,355734
2028,60-64,M1,319522
2028,60-64,M2,317858
2028,60-64,M3,316763
2028,65-69,M1,280321
2028,65-69,M2,279204
2028,65-69,M3,278417
2028,70-74,M1,232178
2028,70-74,M2,231562
2028,70-74,M3,231080
2028,75-79,M1,190432
2028,75-79,M2,189974
2028,75-79,M3,189651
2028,80-84,M1,133936
2028,80-84,M2,133661
2028,80-84,M3,133461
2028,85+,M1,110527
2028,85+,M2,110084
2028,85+,M3,109810
2029,0-4,M1,278969
2029,0-4,M2,274186
2029,0-4,M3,270594
2029,10-14,M1,340867
2029,10-14,M2,338033
2029,10-14,M3,335777
2029,15-19,M1,389529
2029,15-19,M2,384666
2029,15-19,M3,379737
2029,20-24,M1,378507
2029,20-24,M2,370906
2029,20-24,M3,363013
2029,25-29,M1,357842
2029,25-29,M2,349675
2029,25-29,M3,342174
2029,30-34,M1,355784
2029,30-34,M2,346885
2029,30-34,M3,339686
2029,35-39,M1,368666
2029,35-39,M2,359744
2029,35-39,M3,352130
2029,40-44,M1,409820
2029,40-44,M2,400960
2029,40-44,M3,393383
2029,45-49,M1,450719
2029,45-49,M2,444878
2029,45-49,M3,440341
2029,5-9,M1,304760
2029,5-9,M2,301959
2029,5-9,M3,299800
2029,50-54,M1,395246
2029,50-54,M2,393253
2029,50-54,M3,391611
2029,55-59,M1,368080
2029,55-59,M2,366147
2029,55-59,M3,364723
2029,60-64,M1,324467
2029,60-64,M2,322528
2029,60-64,M3,321207
2029,65-69,M1,288973
2029,65-69,M2,287560
2029,65-69,M3,286561
2029,70-74,M1,237468
2029,70-74,M2,236746
2029,70-74,M3,236153
2029,75-79,M1,194198
2029,75-79,M2,193646
2029,75-79,M3,193236
2029,80-84,M1,140169
2029,80-84,M2,139842
2029,80-84,M3,139599
2029,85+,M1,116652
2029,85+,M2,116148
2029,85+,M3,115824
2030,0-4,M1,276948
2030,0-4,M2,271256
2030,0-4,M3,266568
2030,10-14,M1,333140
2030,10-14,M2,329907
2030,10-14,M3,327085
2030,15-19,M1,384250
2030,15-19,M2,379038
2030,15-19,M3,373259
2030,20-24,M1,388917
2030,20-24,M2,380457
2030,20-24,M3,370868
2030,25-29,M1,364329
2030,25-29,M2,355102
2030,25-29,M3,345648
2030,30-34,M1,364337
2030,30-34,M2,354219
2030,30-34,M3,345186
2030,35-39,M1,367166
2030,35-39,M2,356976
2030,35-39,M3,347490
2030,40-44,M1,406434
2030,40-44,M2,396304
2030,40-44,M3,386816
2030,45-49,M1,447325
2030,45-49,M2,440136
2030,45-49,M3,434121
2030,5-9,M1,301658
2030,5-9,M2,298297
2030,5-9,M3,295541
2030,50-54,M1,409593
2030,50-54,M2,407015
2030,50-54,M3,404831
2030,55-59,M1,374519
2030,55-59,M2,372309
2030,55-59,M3,370494
2030,60-64,M1,331171
2030,60-64,M2,328961
2030,60-64,M3,327267
2030,65-69,M1,296938
2030,65-69,M2,295238
2030,65-69,M3,293968
2030,70-74,M1,243593
2030,70-74,M2,242715
2030,70-74,M3,241950
2030,75-79,M1,198840
2030,75-79,M2,198194
2030,75-79,M3,197673
2030,80-84,M1,146148
2030,80-84,M2,145761
2030,80-84,M3,145439
2030,85+,M1,123525
2030,85+,M2,122958
2030,85+,M3,122543
2031,0-4,M1,275233
2031,0-4,M2,268713
2031,0-4,M3,262962
2031,10-14,M1,325144
2031,10-14,M2,321512
2031,10-14,M3,318121
2031,15-19,M1,378009
2031,15-19,M2,372386
2031,15-19,M3,365753
2031,20-24,M1,397743
2031,20-24,M2,388629
2031,20-24,M3,377614
2031,25-29,M1,372452
2031,25-29,M2,362148
2031,25-29,M3,350758
2031,30-34,M1,370988
2031,30-34,M2,359708
2031,30-34,M3,348815
2031,35-39,M1,366321
2031,35-39,M2,354863
2031,35-39,M3,343532
2031,40-44,M1,403265
2031,40-44,M2,391863
2031,40-44,M3,380463
2031,45-49,M1,442538
2031,45-49,M2,434090
2031,45-49,M3,426577
2031,5-9,M1,300255
2031,5-9,M2,296178
2031,5-9,M3,292657
2031,50-54,M1,424379
2031,50-54,M2,420928
2031,50-54,M3,417927
2031,55-59,M1,380703
2031,55-59,M2,378213
2031,55-59,M3,375999
2031,60-64,M1,339778
2031,60-64,M2,337304
2031,60-64,M3,335241
2031,65-69,M1,302671
2031,65-69,M2,300703
2031,65-69,M3,299150
2031,70-74,M1,251258
2031,70-74,M2,250182
2031,70-74,M3,249209
2031,75-79,M1,203459
2031,75-79,M2,202721
2031,75-79,M3,202080
2031,80-84,M1,150349
2031,80-84,M2,149894
2031,80-84,M3,149493
2031,85+,M1,131542
2031,85+,M2,130911
2031,85+,M3,130410
2032,0-4,M1,273948
2032,0-4,M2,266434
2032,0-4,M3,259450
2032,10-14,M1,320883
2032,10-14,M2,316657
2032,10-14,M3,312536
2032,15-19,M1,370262
2032,15-19,M2,363688
2032,15-19,M3,355546
2032,20-24,M1,403322
2032,20-24,M2,393146
2032,20-24,M3,380067
2032,25-29,M1,380938
2032,25-29,M2,368912
2032,25-29,M3,355110
2032,30-34,M1,377315
2032,30-34,M2,364275
2032,30-34,M3,350872
2032,35-39,M1,368804
2032,35-39,M2,355446
2032,35-39,M3,341633
2032,40-44,M1,400106
2032,40-44,M2,386801
2032,40-44,M3,372909
2032,45-49,M1,436717
2032,45-49,M2,426865
2032,45-49,M3,417570
2032,5-9,M1,296663
2032,5-9,M2,291566
2032,5-9,M3,287009
2032,50-54,M1,438291
2032,50-54,M2,433632
2032,50-54,M3,429526
2032,55-59,M1,384936
2032,55-59,M2,382026
2032,55-59,M3,379312
2032,60-64,M1,350072
2032,60-64,M2,347190
2032,60-64,M3,344682
2032,65-69,M1,308086
2032,65-69,M2,305792
2032,65-69,M3,303867
2032,70-74,M1,259095
2032,70-74,M2,257737
2032,70-74,M3,256506
2032,75-79,M1,208283
2032,75-79,M2,207425
2032,75-79,M3,206626
2032,80-84,M1,154883
2032,80-84,M2,154322
2032,80-84,M3,153831
2032,85+,M1,139844
2032,85+,M2,139104
2032,85+,M3,138497
2033,0-4,M1,273111
2033,0-4,M2,264591
2033,0-4,M3,256306
2033,10-14,M1,318872
2033,10-14,M2,314044
2033,10-14,M3,309196
2033,15-19,M1,361897
2033,15-19,M2,354450
2033,15-19,M3,344990
2033,20-24,M1,403584
2033,20-24,M2,392488
2033,20-24,M3,377536
2033,25-29,M1,392149
2033,25-29,M2,378412
2033,25-29,M3,362169
2033,30-34,M1,382931
2033,30-34,M2,368178
2033,30-34,M3,352238
2033,35-39,M1,375087
2033,35-39,M2,359820
2033,35-39,M3,343556
2033,40-44,M1,397656
2033,40-44,M2,382448
2033,40-44,M3,366062
2033,45-49,M1,430088
2033,45-49,M2,418731
2033,45-49,M3,407464
2033,5-9,M1,292394
2033,5-9,M2,286189
2033,5-9,M3,280506
2033,50-54,M1,449575
2033,50-54,M2,443520
2033,50-54,M3,438116
2033,55-59,M1,389148
2033,55-59,M2,385819
2033,55-59,M3,382590
2033,60-64,M1,360158
2033,60-64,M2,356865
2033,60-64,M3,353907
2033,65-69,M1,313671
2033,65-69,M2,311040
2033,65-69,M3,308723
2033,70-74,M1,267350
2033,70-74,M2,265678
2033,70-74,M3,264163
2033,75-79,M1,211935
2033,75-79,M2,210947
2033,75-79,M3,209989
2033,80-84,M1,160034
2033,80-84,M2,159367
2033,80-84,M3,158771
2033,85+,M1,148289
2033,85+,M2,147444
2033,85+,M3,146736
2034,0-4,M1,272663
2034,0-4,M2,263129
2034,0-4,M3,253479
2034,10-14,M1,315260
2034,10-14,M2,309834
2034,10-14,M3,304269
2034,15-19,M1,353871
2034,15-19,M2,345617
2034,15-19,M3,335027
2034,20-24,M1,401095
2034,20-24,M2,389199
2034,20-24,M3,372556
2034,25-29,M1,403064
2034,25-29,M2,387639
2034,25-29,M3,368934
2034,30-34,M1,389069
2034,30-34,M2,372642
2034,30-34,M3,354137
2034,35-39,M1,383754
2034,35-39,M2,366584
2034,35-39,M3,347900
2034,40-44,M1,396235
2034,40-44,M2,379126
2034,40-44,M3,360241
2034,45-49,M1,423368
2034,45-49,M2,410400
2034,45-49,M3,396983
2034,5-9,M1,290044
2034,5-9,M2,282645
2034,5-9,M3,275739
2034,50-54,M1,454079
2034,50-54,M2,446457
2034,50-54,M3,439564
2034,55-59,M1,398310
2034,55-59,M2,394544
2034,55-59,M3,390778
2034,60-64,M1,369560
2034,60-64,M2,365860
2034,60-64,M3,362447
2034,65-69,M1,318651
2034,65-69,M2,315664
2034,65-69,M3,312930
2034,70-74,M1,275831
2034,70-74,M2,273821
2034,70-74,M3,272006
2034,75-79,M1,217163
2034,75-79,M2,216038
2034,75-79,M3,214905
2034,80-84,M1,163761
2034,80-84,M2,162993
2034,80-84,M3,162286
2034,85+,M1,156885
2034,85+,M2,155928
2034,85+,M3,155118
2035,0-4,M1,272509
2035,0-4,M2,261957
2035,0-4,M3,250876
2035,10-14,M1,312133
2035,10-14,M2,305941
2035,10-14,M3,299609
2035,15-19,M1,346203
2035,15-19,M2,337217
2035,15-19,M3,325681
2035,20-24,M1,396047
2035,20-24,M2,383266
2035,20-24,M3,365004
2035,25-29,M1,413582
2035,25-29,M2,396719
2035,25-29,M3,375636
2035,30-34,M1,395480
2035,30-34,M2,377362
2035,30-34,M3,356348
2035,35-39,M1,392292
2035,35-39,M2,373269
2035,35-39,M3,352127
2035,40-44,M1,394777
2035,40-44,M2,375772
2035,40-44,M3,354379
2035,45-49,M1,420031
2035,45-49,M2,405353
2035,45-49,M3,389608
2035,5-9,M1,287983
2035,5-9,M2,279472
2035,5-9,M3,271316
2035,50-54,M1,450778
2035,50-54,M2,441680
2035,50-54,M3,433184
2035,55-59,M1,412566
2035,55-59,M2,408079
2035,55-59,M3,403678
2035,60-64,M1,375962
2035,60-64,M2,371857
2035,60-64,M3,367978
2035,65-69,M1,325352
2035,65-69,M2,321992
2035,65-69,M3,318819
2035,70-74,M1,283697
2035,70-74,M2,281354
2035,70-74,M3,279233
2035,75-79,M1,223207
2035,75-79,M2,221896
2035,75-79,M3,220577
2035,80-84,M1,168299
2035,80-84,M2,167433
2035,80-84,M3,166606
2035,85+,M1,165786
2035,85+,M2,164714
2035,85+,M3,163791
2036,0-4,M1,272578
2036,0-4,M2,261007
2036,0-4,M3,248483
2036,10-14,M1,310700
2036,10-14,M2,303590
2036,10-14,M3,296322
2036,15-19,M1,338228
2036,15-19,M2,328576
2036,15-19,M3,316200
2036,20-24,M1,390019
2036,20-24,M2,376286
2036,20-24,M3,356417
2036,25-29,M1,422596
2036,25-29,M2,404521
2036,25-29,M3,381266
2036,30-34,M1,403503
2036,30-34,M2,383675
2036,30-34,M3,360195
2036,35-39,M1,398924
2036,35-39,M2,378107
2036,35-39,M3,354491
2036,40-44,M1,393975
2036,40-44,M2,373070
2036,40-44,M3,349190
2036,45-49,M1,416894
2036,45-49,M2,400415
2036,45-49,M3,382255
2036,5-9,M1,286222
2036,5-9,M2,276679
2036,5-9,M3,267315
2036,50-54,M1,446110
2036,50-54,M2,435621
2036,50-54,M3,425488
2036,55-59,M1,427247
2036,55-59,M2,421756
2036,55-59,M3,416447
2036,60-64,M1,382122
2036,60-64,M2,377604
2036,60-64,M3,373246
2036,65-69,M1,333864
2036,65-69,M2,330126
2036,65-69,M3,326517
2036,70-74,M1,289425
2036,70-74,M2,286773
2036,70-74,M3,284323
2036,75-79,M1,230633
2036,75-79,M2,229092
2036,75-79,M3,227548
2036,80-84,M1,172763
2036,80-84,M2,171790
2036,80-84,M3,170840
2036,85+,M1,174105
2036,85+,M2,172915
2036,85+,M3,171872
2037,0-4,M1,272873
2037,0-4,M2,260281
2037,0-4,M3,246313
2037,10-14,M1,307110
2037,10-14,M2,298981
2037,10-14,M3,290678
2037,15-19,M1,333971
2037,15-19,M2,323727
2037,15-19,M3,310623
2037,20-24,M1,382290
2037,20-24,M2,367603
2037,20-24,M3,346226
2037,25-29,M1,428173
2037,25-29,M2,409044
2037,25-29,M3,383724
2037,30-34,M1,411990
2037,30-34,M2,390440
2037,30-34,M3,364555
2037,35-39,M1,405253
2037,35-39,M2,382680
2037,35-39,M3,356561
2037,40-44,M1,396476
2037,40-44,M2,373675
2037,40-44,M3,347320
2037,45-49,M1,413795
2037,45-49,M2,395419
2037,45-49,M3,374778
2037,5-9,M1,284939
2037,5-9,M2,274404
2037,5-9,M3,263807
2037,50-54,M1,440411
2037,50-54,M2,428528
2037,50-54,M3,416627
2037,55-59,M1,441095
2037,55-59,M2,434412
2037,55-59,M3,428009
2037,60-64,M1,386434
2037,60-64,M2,381502
2037,60-64,M3,376651
2037,65-69,M1,344064
2037,65-69,M2,339931
2037,65-69,M3,335891
2037,70-74,M1,294872
2037,70-74,M2,291904
2037,70-74,M3,289101
2037,75-79,M1,238252
2037,75-79,M2,236454
2037,75-79,M3,234669
2037,80-84,M1,177442
2037,80-84,M2,176367
2037,80-84,M3,175281
2037,85+,M1,182872
2037,85+,M2,181555
2037,85+,M3,180393
2038,0-4,M1,273255
2038,0-4,M2,259694
2038,0-4,M3,244330
2038,10-14,M1,302841
2038,10-14,M2,293606
2038,10-14,M3,284175
2038,15-19,M1,331965
2038,15-19,M2,321119
2038,15-19,M3,307291
2038,20-24,M1,373943
2038,20-24,M2,358381
2038,20-24,M3,335688
2038,25-29,M1,428445
2038,25-29,M2,408394
2038,25-29,M3,381203
2038,30-34,M1,423197
2038,30-34,M2,399937
2038,30-34,M3,371614
2038,35-39,M1,410873
2038,35-39,M2,386592
2038,35-39,M3,357935
2038,40-44,M1,402764
2038,40-44,M2,378058
2038,40-44,M3,349261
2038,45-49,M1,411391
2038,45-49,M2,391121
2038,45-49,M3,367999
2038,5-9,M1,284105
2038,5-9,M2,272565
2038,5-9,M3,260668
2038,50-54,M1,433900
2038,50-54,M2,420522
2038,50-54,M3,406664
2038,55-59,M1,452332
2038,55-59,M2,444269
2038,55-59,M3,436583
2038,60-64,M1,390725
2038,60-64,M2,385383
2038,60-64,M3,380023
2038,65-69,M1,354053
2038,65-69,M2,349517
2038,65-69,M3,345042
2038,70-74,M1,300465
2038,70-74,M2,297173
2038,70-74,M3,293996
2038,75-79,M1,246201
2038,75-79,M2,244114
2038,75-79,M3,242066
2038,80-84,M1,181163
2038,80-84,M2,179977
2038,80-84,M3,178751
2038,85+,M1,192173
2038,85+,M2,190728
2038,85+,M3,189437
2039,0-4,M1,274250
2039,0-4,M2,259734
2039,0-4,M3,242987
2039,10-14,M1,300496
2039,10-14,M2,290064
2039,10-14,M3,279409
2039,15-19,M1,328356
2039,15-19,M2,316914
2039,15-19,M3,302369
2039,20-24,M1,365931
2039,20-24,M2,349563
2039,20-24,M3,325743
2039,25-29,M1,425968
2039,25-29,M2,405122
2039,25-29,M3,376241
2039,30-34,M1,434108
2039,30-34,M2,409160
2039,30-34,M3,378378
2039,35-39,M1,417018
2039,35-39,M2,391063
2039,35-39,M3,359846
2039,40-44,M1,411427
2039,40-44,M2,384824
2039,40-44,M3,353614
2039,45-49,M1,410010
2039,45-49,M2,387845
2039,45-49,M3,362235
2039,5-9,M1,283659
2039,5-9,M2,271104
2039,5-9,M3,257842
2039,50-54,M1,427291
2039,50-54,M2,412312
2039,50-54,M3,396315
2039,55-59,M1,456874
2039,55-59,M2,447260
2039,55-59,M3,438105
2039,60-64,M1,399875
2039,60-64,M2,394106
2039,60-64,M3,388215
2039,65-69,M1,363365
2039,65-69,M2,358436
2039,65-69,M3,353517
2039,70-74,M1,305475
2039,70-74,M2,301844
2039,70-74,M3,298271
2039,75-79,M1,254355
2039,75-79,M2,251959
2039,75-79,M3,249631
2039,80-84,M1,186157
2039,80-84,M2,184850
2039,80-84,M3,183476
2039,85+,M1,200384
2039,85+,M2,198805
2039,85+,M3,197375
2040,0-4,M1,275741
2040,0-4,M2,260282
2040,0-4,M3,242156
2040,10-14,M1,298438
2040,10-14,M2,286892
2040,10-14,M3,274986
2040,15-19,M1,325234
2040,15-19,M2,313026
2040,15-19,M3,297713
2040,20-24,M1,358276
2040,20-24,M2,341175
2040,20-24,M3,316411
2040,25-29,M1,420939
2040,25-29,M2,399206
2040,25-29,M3,368706
2040,30-34,M1,444622
2040,30-34,M2,418238
2040,30-34,M3,385081
2040,35-39,M1,423435
2040,35-39,M2,395789
2040,35-39,M3,362068
2040,40-44,M1,419962
2040,40-44,M2,391512
2040,40-44,M3,357845
2040,45-49,M1,408597
2040,45-49,M2,384541
2040,45-49,M3,356432
2040,5-9,M1,283507
2040,5-9,M2,269933
2040,5-9,M3,255241
2040,50-54,M1,424034
2040,50-54,M2,407363
2040,50-54,M3,389052
2040,55-59,M1,453716
2040,55-59,M2,442640
2040,55-59,M3,431899
2040,60-64,M1,414035
2040,60-64,M2,407554
2040,60-64,M3,401044
2040,65-69,M1,369778
2040,65-69,M2,364453
2040,65-69,M3,359079
2040,70-74,M1,312174
2040,70-74,M2,308187
2040,70-74,M3,304193
2040,75-79,M1,261993
2040,75-79,M2,259289
2040,75-79,M3,256677
2040,80-84,M1,191958
2040,80-84,M2,190490
2040,80-84,M3,188950
2040,85+,M1,209440
2040,85+,M2,207730
2040,85+,M3,206151
2041,0-4,M1,277697
2041,0-4,M2,261305
2041,0-4,M3,241807
2041,10-14,M1,296679
2041,10-14,M2,284100
2041,10-14,M3,270986
2041,15-19,M1,323804
2041,15-19,M2,310676
2041,15-19,M3,294425
2041,20-24,M1,350315
2041,20-24,M2,332549
2041,20-24,M3,306947
2041,25-29,M1,414930
2041,25-29,M2,392243
2041,25-29,M3,360141
2041,30-34,M1,453634
2041,30-34,M2,426042
2041,30-34,M3,390715
2041,35-39,M1,431455
2041,35-39,M2,402104
2041,35-39,M3,365920
2041,40-44,M1,426600
2041,40-44,M2,396353
2041,40-44,M3,360217
2041,45-49,M1,407834
2041,45-49,M2,381886
2041,45-49,M3,351298
2041,5-9,M1,283580
2041,5-9,M2,268987
2041,5-9,M3,252851
2041,50-54,M1,420980
2041,50-54,M2,402519
2041,50-54,M3,381806
2041,55-59,M1,449210
2041,55-59,M2,436755
2041,55-59,M3,424396
2041,60-64,M1,428611
2041,60-64,M2,421138
2041,60-64,M3,413733
2041,65-69,M1,375951
2041,65-69,M2,370228
2041,65-69,M3,364386
2041,70-74,M1,320571
2041,70-74,M2,316221
2041,70-74,M3,311809
2041,75-79,M1,267634
2041,75-79,M2,264639
2041,75-79,M3,261728
2041,80-84,M1,198914
2041,80-84,M2,197243
2041,80-84,M3,195504
2041,85+,M1,217928
2041,85+,M2,216077
2041,85+,M3,214343
2042,0-4,M1,280090
2042,0-4,M2,262778
2042,0-4,M3,241910
2042,10-14,M1,295398
2042,10-14,M2,281827
2042,10-14,M3,267480
2042,15-19,M1,320219
2042,15-19,M2,306071
2042,15-19,M3,288785
2042,20-24,M1,346067
2042,20-24,M2,327709
2042,20-24,M3,301378
2042,25-29,M1,407222
2042,25-29,M2,383580
2042,25-29,M3,349971
2042,30-34,M1,459212
2042,30-34,M2,430568
2042,30-34,M3,393181
2042,35-39,M1,439943
2042,35-39,M2,408874
2042,35-39,M3,370287
2042,40-44,M1,432933
2042,40-44,M2,400933
2042,40-44,M3,362298
2042,45-49,M1,410362
2042,45-49,M2,382526
2042,45-49,M3,349466
2042,5-9,M1,283879
2042,5-9,M2,268264
2042,5-9,M3,250684
2042,50-54,M1,417962
2042,50-54,M2,397615
2042,50-54,M3,374436
2042,55-59,M1,443677
2042,55-59,M2,429849
2042,55-59,M3,415734
2042,60-64,M1,442356
2042,60-64,M2,433708
2042,60-64,M3,425226
2042,65-69,M1,380353
2042,65-69,M2,374220
2042,65-69,M3,367901
2042,70-74,M1,330597
2042,70-74,M2,325867
2042,70-74,M3,321041
2042,75-79,M1,273042
2042,75-79,M2,269754
2042,75-79,M3,266515
2042,80-84,M1,206071
2042,80-84,M2,204171
2042,80-84,M3,202220
2042,85+,M1,226913
2042,85+,M2,224911
2042,85+,M3,223005
2043,0-4,M1,282845
2043,0-4,M2,264614
2043,0-4,M3,242378
2043,10-14,M1,294566
2043,10-14,M2,279990
2043,10-14,M3,264345
2043,15-19,M1,315956
2043,15-19,M2,300702
2043,15-19,M3,282286
2043,20-24,M1,344068
2043,20-24,M2,325106
2043,20-24,M3,298053
2043,25-29,M1,398894
2043,25-29,M2,374379
2043,25-29,M3,339456
2043,30-34,M1,459495
2043,30-34,M2,429932
2043,30-34,M3,390675
2043,35-39,M1,451146
2043,35-39,M2,418366
2043,35-39,M3,377349
2043,40-44,M1,438556
2043,40-44,M2,404853
2043,40-44,M3,363685
2043,45-49,M1,416656
2043,45-49,M2,386922
2043,45-49,M3,351426
2043,5-9,M1,284265
2043,5-9,M2,267680
2043,5-9,M3,248703
2043,50-54,M1,415624
2043,50-54,M2,393392
2043,50-54,M3,367748
2043,55-59,M1,437329
2043,55-59,M2,422021
2043,55-59,M3,405965
2043,60-64,M1,453514
2043,60-64,M2,443510
2043,60-64,M3,433764
2043,65-69,M1,384731
2043,65-69,M2,378197
2043,65-69,M3,371381
2043,70-74,M1,340403
2043,70-74,M2,335285
2043,70-74,M3,330041
2043,75-79,M1,278573
2043,75-79,M2,274983
2043,75-79,M3,271396
2043,80-84,M1,213434
2043,80-84,M2,211283
2043,80-84,M3,209102
2043,85+,M1,235549
2043,85+,M2,233388
2043,85+,M3,231304
2044,0-4,M1,285146
2044,0-4,M2,266040
2044,0-4,M3,242478
2044,10-14,M1,294122
2044,10-14,M2,278531
2044,10-14,M3,261522
2044,15-19,M1,313617
2044,15-19,M2,297164
2044,15-19,M3,277526
2044,20-24,M1,340468
2044,20-24,M2,320908
2044,20-24,M3,293138
2044,25-29,M1,390897
2044,25-29,M2,365580
2044,25-29,M3,329530
2044,30-34,M1,457035
2044,30-34,M2,426675
2044,30-34,M3,385728
2044,35-39,M1,462054
2044,35-39,M2,427588
2044,35-39,M3,384116
2044,40-44,M1,444702
2044,40-44,M2,409334
2044,40-44,M3,365610
2044,45-49,M1,425310
2044,45-49,M2,393684
2044,45-49,M3,355787
2044,5-9,M1,285260
2044,5-9,M2,267721
2044,5-9,M3,247364
2044,50-54,M1,414294
2044,50-54,M2,390178
2044,50-54,M3,362059
2044,55-59,M1,430878
2044,55-59,M2,413986
2044,55-59,M3,395810
2044,60-64,M1,458095
2044,60-64,M2,446563
2044,60-64,M3,435374
2044,65-69,M1,393844
2044,65-69,M2,386894
2044,65-69,M3,379556
2044,70-74,M1,349541
2044,70-74,M2,344043
2044,70-74,M3,338372
2044,75-79,M1,283561
2044,75-79,M2,279651
2044,75-79,M3,275692
2044,80-84,M1,220970
2044,80-84,M2,218548
2044,80-84,M3,216123
2044,85+,M1,244322
2044,85+,M2,241994
2044,85+,M3,239717
2045,0-4,M1,286906
2045,0-4,M2,266974
2045,0-4,M3,242142
2045,10-14,M1,293972
2045,10-14,M2,277362
2045,10-14,M3,258922
2045,15-19,M1,311563
2045,15-19,M2,293996
2045,15-19,M3,273109
2045,20-24,M1,337353
2045,20-24,M2,317029
2045,20-24,M3,288490
2045,25-29,M1,383258
2045,25-29,M2,357209
2045,25-29,M3,320216
2045,30-34,M1,452026
2045,30-34,M2,420779
2045,30-34,M3,378217
2045,35-39,M1,472560
2045,35-39,M2,436664
2045,35-39,M3,390821
2045,40-44,M1,451119
2045,40-44,M2,414063
2045,40-44,M3,367844
2045,45-49,M1,433842
2045,45-49,M2,400371
2045,45-49,M3,360028
2045,5-9,M1,286752
2045,5-9,M2,268270
2045,5-9,M3,246535
2045,50-54,M1,412935
2045,50-54,M2,386936
2045,50-54,M3,356334
2045,55-59,M1,427739
2045,55-59,M2,409169
2045,55-59,M3,388701
2045,60-64,M1,455122
2045,60-64,M2,442153
2045,60-64,M3,429399
2045,65-69,M1,407846
2045,65-69,M2,400200
2045,65-69,M3,392255
2045,70-74,M1,355925
2045,70-74,M2,350044
2045,70-74,M3,343936
2045,75-79,M1,290185
2045,75-79,M2,285939
2045,75-79,M3,281588
2045,80-84,M1,228131
2045,80-84,M2,225439
2045,80-84,M3,222764
2045,85+,M1,254455
2045,85+,M2,251923
2045,85+,M3,249433
2046,0-4,M1,288110
2046,0-4,M2,267397
2046,0-4,M3,241346
2046,10-14,M1,294047
2046,10-14,M2,276418
2046,10-14,M3,256537
2046,15-19,M1,309807
2046,15-19,M2,291208
2046,15-19,M3,269115
2046,20-24,M1,335927
2046,20-24,M2,314683
2046,20-24,M3,285211
2046,25-29,M1,375315
2046,25-29,M2,348602
2046,25-29,M3,310771
2046,30-34,M1,446038
2046,30-34,M2,413836
2046,30-34,M3,369674
2046,35-39,M1,481568
2046,35-39,M2,444463
2046,35-39,M3,396453
2046,40-44,M1,459140
2046,40-44,M2,420381
2046,40-44,M3,371706
2046,45-49,M1,440476
2046,45-49,M2,405214
2046,45-49,M3,362413
2046,5-9,M1,288709
2046,5-9,M2,269293
2046,5-9,M3,246186
2046,50-54,M1,412228
2046,50-54,M2,384345
2046,50-54,M3,351276
2046,55-59,M1,424797
2046,55-59,M2,404456
2046,55-59,M3,381607
2046,60-64,M1,450827
2046,60-64,M2,436500
2046,60-64,M3,422149
2046,65-69,M1,422241
2046,65-69,M2,413622
2046,65-69,M3,404803
2046,70-74,M1,362076
2046,70-74,M2,355813
2046,70-74,M3,349257
2046,75-79,M1,298338
2046,75-79,M2,293753
2046,75-79,M3,289010
2046,80-84,M1,233511
2046,80-84,M2,230557
2046,80-84,M3,227617
2046,85+,M1,265067
2046,85+,M2,262292
2046,85+,M3,259556
2047,0-4,M1,288718
2047,0-4,M2,267256
2047,0-4,M3,240042
2047,10-14,M1,294347
2047,10-14,M2,275696
2047,10-14,M3,254370
2047,15-19,M1,308529
2047,15-19,M2,288939
2047,15-19,M3,265611
2047,20-24,M1,332351
2047,20-24,M2,310088
2047,20-24,M3,279579
2047,25-29,M1,371079
2047,25-29,M2,343773
2047,25-29,M3,305214
2047,30-34,M1,438353
2047,30-34,M2,405197
2047,30-34,M3,359527
2047,35-39,M1,487147
2047,35-39,M2,448989
2047,35-39,M3,398923
2047,40-44,M1,467626
2047,40-44,M2,427150
2047,40-44,M3,376079
2047,45-49,M1,446811
2047,45-49,M2,409801
2047,45-49,M3,364511
2047,5-9,M1,291103
2047,5-9,M2,270767
2047,5-9,M3,246290
2047,50-54,M1,414789
2047,50-54,M2,385024
2047,50-54,M3,349497
2047,55-59,M1,421887
2047,55-59,M2,399677
2047,55-59,M3,374389
2047,60-64,M1,445522
2047,60-64,M2,429836
2047,60-64,M3,413759
2047,65-69,M1,435816
2047,65-69,M2,426050
2047,65-69,M3,416173
2047,70-74,M1,366562
2047,70-74,M2,359904
2047,70-74,M3,352887
2047,75-79,M1,308025
2047,75-79,M2,303084
2047,75-79,M3,297953
2047,80-84,M1,238730
2047,80-84,M2,235514
2047,80-84,M3,232282
2047,85+,M1,276228
2047,85+,M2,273187
2047,85+,M3,270188
2048,0-4,M1,288756
2048,0-4,M2,266586
2048,0-4,M3,238267
2048,10-14,M1,294731
2048,10-14,M2,275110
2048,10-14,M3,252390
2048,15-19,M1,307699
2048,15-19,M2,287104
2048,15-19,M3,262478
2048,20-24,M1,328096
2048,20-24,M2,304728
2048,20-24,M3,273090
2048,25-29,M1,369089
2048,25-29,M2,341181
2048,25-29,M3,301901
2048,30-34,M1,430047
2048,30-34,M2,396020
2048,30-34,M3,349034
2048,35-39,M1,487445
2048,35-39,M2,448364
2048,35-39,M3,396432
2048,40-44,M1,478818
2048,40-44,M2,436636
2048,40-44,M3,383137
2048,45-49,M1,452440
2048,45-49,M2,413730
2048,45-49,M3,365919
2048,5-9,M1,293859
2048,5-9,M2,272606
2048,5-9,M3,246758
2048,50-54,M1,421089
2048,50-54,M2,389434
2048,50-54,M3,351484
2048,55-59,M1,419639
2048,55-59,M2,395557
2048,55-59,M3,367827
2048,60-64,M1,439387
2048,60-64,M2,422246
2048,60-64,M3,404257
2048,65-69,M1,446838
2048,65-69,M2,435744
2048,65-69,M3,424631
2048,70-74,M1,371027
2048,70-74,M2,363983
2048,70-74,M3,356482
2048,75-79,M1,317478
2048,75-79,M2,312175
2048,75-79,M3,306649
2048,80-84,M1,244035
2048,80-84,M2,240549
2048,80-84,M3,237007
2048,85+,M1,287272
2048,85+,M2,283942
2048,85+,M3,280659
2049,0-4,M1,288192
2049,0-4,M2,265348
2049,0-4,M3,235981
2049,10-14,M1,295725
2049,10-14,M2,275151
2049,10-14,M3,251051
2049,15-19,M1,307258
2049,15-19,M2,285648
2049,15-19,M3,259659
2049,20-24,M1,325762
2049,20-24,M2,301196
2049,20-24,M3,268337
2049,25-29,M1,365501
2049,25-29,M2,336994
2049,25-29,M3,296995
2049,30-34,M1,422070
2049,30-34,M2,387247
2049,30-34,M3,339134
2049,35-39,M1,485000
2049,35-39,M2,445130
2049,35-39,M3,391504
2049,40-44,M1,489716
2049,40-44,M2,445849
2049,40-44,M3,389902
2049,45-49,M1,458592
2049,45-49,M2,418222
2049,45-49,M3,367858
2049,5-9,M1,296158
2049,5-9,M2,274034
2049,5-9,M3,246860
2049,50-54,M1,429728
2049,50-54,M2,396187
2049,50-54,M3,355852
2049,55-59,M1,418380
2049,55-59,M2,392429
2049,55-59,M3,362246
2049,60-64,M1,433150
2049,60-64,M2,414443
2049,60-64,M3,394367
2049,65-69,M1,451444
2049,65-69,M2,438860
2049,65-69,M3,426333
2049,70-74,M1,380049
2049,70-74,M2,372599
2049,70-74,M3,364596
2049,75-79,M1,326275
2049,75-79,M2,320610
2049,75-79,M3,314686
2049,80-84,M1,248857
2049,80-84,M2,245089
2049,80-84,M3,241216
2049,85+,M1,298569
2049,85+,M2,294926
2049,85+,M3,291337
2050,0-4,M1,287068
2050,0-4,M2,263585
2050,0-4,M3,233228
2050,10-14,M1,297217
2050,10-14,M2,275702
2050,10-14,M3,250225
2050,15-19,M1,307108
2050,15-19,M2,284479
2050,15-19,M3,257059
2050,20-24,M1,323711
2050,20-24,M2,298032
2050,20-24,M3,263927
2050,25-29,M1,362398
2050,25-29,M2,333126
2050,25-29,M3,292357
2050,30-34,M1,414453
2050,30-34,M2,378897
2050,30-34,M3,329843
2050,35-39,M1,480012
2050,35-39,M2,439257
2050,35-39,M3,384014
2050,40-44,M1,500216
2050,40-44,M2,454920
2050,40-44,M3,396606
2050,45-49,M1,465013
2050,45-49,M2,422961
2050,45-49,M3,370107
2050,5-9,M1,297916
2050,5-9,M2,274967
2050,5-9,M3,246523
2050,50-54,M1,438245
2050,50-54,M2,402869
2050,50-54,M3,360098
2050,55-59,M1,417097
2050,55-59,M2,389279
2050,55-59,M3,356635
2050,60-64,M1,430168
2050,60-64,M2,409807
2050,60-64,M3,387469
2050,65-69,M1,448713
2050,65-69,M2,434722
2050,65-69,M3,420669
2050,70-74,M1,393785
2050,70-74,M2,385656
2050,70-74,M3,377066
2050,75-79,M1,332550
2050,75-79,M2,326524
2050,75-79,M3,320187
2050,80-84,M1,255244
2050,80-84,M2,251178
2050,80-84,M3,246951
2050,85+,M1,310677
2050,85+,M2,306695
2050,85+,M3,302783
2051,0-4,M1,285422
2051,0-4,M2,261325
2051,0-4,M3,230045
2051,10-14,M1,299174
2051,10-14,M2,276727
2051,10-14,M3,249878
2051,15-19,M1,307181
2051,15-19,M2,283535
2051,15-19,M3,254675
2051,20-24,M1,321962
2051,20-24,M2,295249
2051,20-24,M3,259938
2051,25-29,M1,360979
2051,25-29,M2,330788
2051,25-29,M3,289083
2051,30-34,M1,406530
2051,30-34,M2,370310
2051,30-34,M3,320419
2051,35-39,M1,474048
2051,35-39,M2,432338
2051,35-39,M3,375496
2051,40-44,M1,509218
2051,40-44,M2,462715
2051,40-44,M3,402238
2051,45-49,M1,473030
2051,45-49,M2,429280
2051,45-49,M3,373974
2051,5-9,M1,299118
2051,5-9,M2,275391
2051,5-9,M3,245728
2051,50-54,M1,444872
2051,50-54,M2,407712
2051,50-54,M3,362499
2051,55-59,M1,416464
2051,55-59,M2,386775
2051,55-59,M3,351683
2051,60-64,M1,427375
2051,60-64,M2,405268
2051,60-64,M3,380585
2051,65-69,M1,444701
2051,65-69,M2,429380
2051,65-69,M3,413767
2051,70-74,M1,407879
2051,70-74,M2,398815
2051,70-74,M3,389373
2051,75-79,M1,338613
2051,75-79,M2,332225
2051,75-79,M3,325465
2051,80-84,M1,262921
2051,80-84,M2,258549
2051,80-84,M3,253970
2051,85+,M1,321685
2051,85+,M2,317350
2051,85+,M3,313080
2052,0-4,M1,283308
2052,0-4,M2,258623
2052,0-4,M3,226472
2052,10-14,M1,301565
2052,10-14,M2,278201
2052,10-14,M3,249982
2052,15-19,M1,307483
2052,15-19,M2,282815
2052,15-19,M3,252514
2052,20-24,M1,320688
2052,20-24,M2,292987
2052,20-24,M3,256440
2052,25-29,M1,357411
2052,25-29,M2,326199
2052,25-29,M3,283462
2052,30-34,M1,402311
2052,30-34,M2,365499
2052,30-34,M3,314879
2052,35-39,M1,466390
2052,35-39,M2,423727
2052,35-39,M3,365380
2052,40-44,M1,514798
2052,40-44,M2,467246
2052,40-44,M3,404713
2052,45-49,M1,481510
2052,45-49,M2,436048
2052,45-49,M3,378351
2052,5-9,M1,299725
2052,5-9,M2,275249
2052,5-9,M3,244425
2052,50-54,M1,451209
2052,50-54,M2,412311
2052,50-54,M3,364619
2052,55-59,M1,419064
2052,55-59,M2,387504
2052,55-59,M3,349978
2052,60-64,M1,424620
2052,60-64,M2,400669
2052,60-64,M3,373575
2052,65-69,M1,439708
2052,65-69,M2,423058
2052,65-69,M3,405756
2052,70-74,M1,421167
2052,70-74,M2,410994
2052,70-74,M3,400527
2052,75-79,M1,343183
2052,75-79,M2,336420
2052,75-79,M3,329226
2052,80-84,M1,272001
2052,80-84,M2,267309
2052,80-84,M3,262380
2052,85+,M1,333017
2052,85+,M2,328313
2052,85+,M3,323652
2053,0-4,M1,280896
2053,0-4,M2,255636
2053,0-4,M3,222667
2053,10-14,M1,304319
2053,10-14,M2,280039
2053,10-14,M3,250451
2053,15-19,M1,307869
2053,15-19,M2,282231
2053,15-19,M3,250534
2053,20-24,M1,319863
2053,20-24,M2,291156
2053,20-24,M3,253312
2053,25-29,M1,353166
2053,25-29,M2,320850
2053,25-29,M3,276985
2053,30-34,M1,400331
2053,30-34,M2,362918
2053,30-34,M3,311576
2053,35-39,M1,458107
2053,35-39,M2,414575
2053,35-39,M3,354915
2053,40-44,M1,515112
2053,40-44,M2,466642
2053,40-44,M3,402241
2053,45-49,M1,492690
2053,45-49,M2,445527
2053,45-49,M3,385404
2053,5-9,M1,299765
2053,5-9,M2,274581
2053,5-9,M3,242652
2053,50-54,M1,456846
2053,50-54,M2,416255
2053,50-54,M3,366053
2053,55-59,M1,425368
2053,55-59,M2,391933
2053,55-59,M3,352000
2053,60-64,M1,422496
2053,60-64,M2,396693
2053,60-64,M3,367190
2053,65-69,M1,433879
2053,65-69,M2,415804
2053,65-69,M3,396627
2053,70-74,M1,431958
2053,70-74,M2,420504
2053,70-74,M3,408841
2053,75-79,M1,347734
2053,75-79,M2,340606
2053,75-79,M3,332957
2053,80-84,M1,280845
2053,80-84,M2,275823
2053,80-84,M3,270541
2053,85+,M1,344324
2053,85+,M2,339224
2053,85+,M3,334142
2054,0-4,M1,278368
2054,0-4,M2,252548
2054,0-4,M3,218802
2054,10-14,M1,306619
2054,10-14,M2,281467
2054,10-14,M3,250554
2054,15-19,M1,308864
2054,15-19,M2,282272
2054,15-19,M3,249197
2054,20-24,M1,319428
2054,20-24,M2,289704
2054,20-24,M3,250496
2054,25-29,M1,350838
2054,25-29,M2,317325
2054,25-29,M3,272242
2054,30-34,M1,396756
2054,30-34,M2,358746
2054,30-34,M3,306683
2054,35-39,M1,450157
2054,35-39,M2,405826
2054,35-39,M3,345039
2054,40-44,M1,512690
2054,40-44,M2,463429
2054,40-44,M3,397338
2054,45-49,M1,503578
2054,45-49,M2,454729
2054,45-49,M3,392165
2054,5-9,M1,299203
2054,5-9,M2,273344
2054,5-9,M3,240368
2054,50-54,M1,463004
2054,50-54,M2,420762
2054,50-54,M3,368016
2054,55-59,M1,433985
2054,55-59,M2,398675
2054,55-59,M3,356374
2054,60-64,M1,421334
2054,60-64,M2,393684
2054,60-64,M3,361761
2054,65-69,M1,427939
2054,65-69,M2,408332
2054,65-69,M3,387109
2054,70-74,M1,436586
2054,70-74,M2,423695
2054,70-74,M3,410669
2054,75-79,M1,356583
2054,75-79,M2,349072
2054,75-79,M3,340944
2054,80-84,M1,289057
2054,80-84,M2,283705
2054,80-84,M3,278064
2054,85+,M1,355429
2054,85+,M2,349911
2054,85+,M3,344377
2055,0-4,M1,275787
2055,0-4,M2,249414
2055,0-4,M3,214926
2055,10-14,M1,308377
2055,10-14,M2,282402
2055,10-14,M3,250219
2055,15-19,M1,310358
2055,15-19,M2,282824
2055,15-19,M3,248372
2055,20-24,M1,319282
2055,20-24,M2,288539
2055,20-24,M3,247902
2055,25-29,M1,348798
2055,25-29,M2,314171
2055,25-29,M3,267843
2055,30-34,M1,393662
2055,30-34,M2,354888
2055,30-34,M3,302057
2055,35-39,M1,442563
2055,35-39,M2,397498
2055,35-39,M3,335772
2055,40-44,M1,507733
2055,40-44,M2,457586
2055,40-44,M3,389879
2055,45-49,M1,514068
2055,45-49,M2,463794
2055,45-49,M3,398867
2055,5-9,M1,298081
2055,5-9,M2,271581
2055,5-9,M3,237617
2055,50-54,M1,469432
2055,50-54,M2,425511
2055,50-54,M3,370286
2055,55-59,M1,442482
2055,55-59,M2,405349
2055,55-59,M3,360631
2055,60-64,M1,420164
2055,60-64,M2,390667
2055,60-64,M3,356313
2055,65-69,M1,425182
2055,65-69,M2,403952
2055,65-69,M3,380513
2055,70-74,M1,434203
2055,70-74,M2,419952
2055,70-74,M3,405454
2055,75-79,M1,369882
2055,75-79,M2,361732
2055,75-79,M3,353042
2055,80-84,M1,295100
2055,80-84,M2,289420
2055,80-84,M3,283410
2055,85+,M1,368513
2055,85+,M2,362546
2055,85+,M3,356536
2056,0-4,M1,273226
2056,0-4,M2,246308
2056,0-4,M3,211100
2056,10-14,M1,309580
2056,10-14,M2,282826
2056,10-14,M3,249424
2056,15-19,M1,312314
2056,15-19,M2,283851
2056,15-19,M3,248026
2056,20-24,M1,319358
2056,20-24,M2,287599
2056,20-24,M3,245522
2056,25-29,M1,347054
2056,25-29,M2,311396
2056,25-29,M3,263862
2056,30-34,M1,392254
2056,30-34,M2,352558
2056,30-34,M3,298794
2056,35-39,M1,434662
2056,35-39,M2,388935
2056,35-39,M3,326374
2056,40-44,M1,501798
2056,40-44,M2,450698
2056,40-44,M3,381394
2056,45-49,M1,523065
2056,45-49,M2,471588
2056,45-49,M3,404500
2056,5-9,M1,296438
2056,5-9,M2,269321
2056,5-9,M3,234436
2056,50-54,M1,477440
2056,50-54,M2,431826
2056,50-54,M3,374160
2056,55-59,M1,449105
2056,55-59,M2,410201
2056,55-59,M3,363054
2056,60-64,M1,419634
2056,60-64,M2,388290
2056,60-64,M3,351513
2056,65-69,M1,422613
2056,65-69,M2,399667
2056,65-69,M3,373930
2056,70-74,M1,430604
2056,70-74,M2,415069
2056,70-74,M3,399063
2056,75-79,M1,383493
2056,75-79,M2,374453
2056,75-79,M3,364958
2056,80-84,M1,300972
2056,80-84,M2,294961
2056,80-84,M3,288566
2056,85+,M1,381710
2056,85+,M2,375278
2056,85+,M3,368766
2057,0-4,M1,270769
2057,0-4,M2,243306
2057,0-4,M3,207401
2057,10-14,M1,310188
2057,10-14,M2,282683
2057,10-14,M3,248120
2057,15-19,M1,314705
2057,15-19,M2,285328
2057,15-19,M3,248133
2057,20-24,M1,319665
2057,20-24,M2,286884
2057,20-24,M3,243365
2057,25-29,M1,345786
2057,25-29,M2,309139
2057,25-29,M3,260372
2057,30-34,M1,388700
2057,30-34,M2,347979
2057,30-34,M3,293185
2057,35-39,M1,430458
2057,35-39,M2,384142
2057,35-39,M3,320848
2057,40-44,M1,494176
2057,40-44,M2,442120
2057,40-44,M3,371315
2057,45-49,M1,528648
2057,45-49,M2,476121
2057,45-49,M3,406985
2057,5-9,M1,294327
2057,5-9,M2,266619
2057,5-9,M3,230863
2057,50-54,M1,485913
2057,50-54,M2,438593
2057,50-54,M3,378542
2057,55-59,M1,455448
2057,55-59,M2,414816
2057,55-59,M3,365211
2057,60-64,M1,422290
2057,60-64,M2,389099
2057,60-64,M3,349910
2057,65-69,M1,420076
2057,65-69,M2,395319
2057,65-69,M3,367219
2057,70-74,M1,426073
2057,70-74,M2,409250
2057,70-74,M3,391606
2057,75-79,M1,396321
2057,75-79,M2,386226
2057,75-79,M3,375763
2057,80-84,M1,305604
2057,80-84,M2,299252
2057,80-84,M3,292459
2057,85+,M1,396297
2057,85+,M2,389387
2057,85+,M3,382354
